{
  "fast": {
    "summary": {
      "samples": 2,
      "latency_ms": {
        "p50": 9.936050002579577,
        "p95": 15.010900009656325,
        "mean": 9.936050002579577
      },
      "pass_rate": 0.5
    }
  },
  "balanced": {
    "summary": {
      "samples": 2,
      "latency_ms": {
        "p50": 14.768549997825176,
        "p95": 15.997999988030642,
        "mean": 14.768549997825176
      },
      "pass_rate": 0.5
    }
  },
  "quality": {
    "summary": {
      "samples": 2,
      "latency_ms": {
        "p50": 15.180000002146699,
        "p95": 15.757900022435933,
        "mean": 15.180000002146699
      },
      "pass_rate": 0.5
    }
  }
}