{
  "fast": {
    "summary": {
      "samples": 3,
      "latency_ms": {
        "p50": 16.55860000755638,
        "p95": 21.590299991657957,
        "mean": 17.934599998019014
      },
      "pass_rate": 0.3333333333333333
    }
  },
  "balanced": {
    "summary": {
      "samples": 3,
      "latency_ms": {
        "p50": 16.60160001483746,
        "p95": 16.99709999957122,
        "mean": 15.99686667517138
      },
      "pass_rate": 0.3333333333333333
    }
  },
  "quality": {
    "summary": {
      "samples": 3,
      "latency_ms": {
        "p50": 14.231599983759224,
        "p95": 15.285300003597513,
        "mean": 10.38443333042475
      },
      "pass_rate": 0.3333333333333333
    }
  }
}