{
  "fast": {
    "summary": {
      "samples": 3,
      "latency_ms": {
        "p50": 16.85030001681298,
        "p95": 22.254099982092157,
        "mean": 14.622999995481223
      },
      "pass_rate": 0.3333333333333333
    }
  },
  "balanced": {
    "summary": {
      "samples": 3,
      "latency_ms": {
        "p50": 3.6151999956928194,
        "p95": 24.568699998781085,
        "mean": 10.173433334178602
      },
      "pass_rate": 0.3333333333333333
    }
  },
  "quality": {
    "summary": {
      "samples": 3,
      "latency_ms": {
        "p50": 14.431199990212917,
        "p95": 15.999399998690933,
        "mean": 10.860066666888693
      },
      "pass_rate": 0.3333333333333333
    }
  }
}